cripto,num_transacciones,volumen_total_usd,tiempo_promedio_seg,tasa_error_pct
BTC,30009,78731929.74,94.77,12.886134159752075
ETH,25058,64359576.23,94.53,13.368983957219251
USDT,19929,51053366.67,94.67,12.870690952882734
USDC,14959,38941554.12,94.81,13.189384317133499
BNB,5044,13208976.08,95.39,12.727993655828707
ADA,2924,7799478.71,96.79,12.722298221614228
SOL,2077,5515321.43,98.21,12.95137217140106
